English Word,French Word,Frequency
lorenzo,Lorenzo,251,
fortune,fortune,905,
surrey,Surrey,232,
nature,la nature,2077,
enjoy,prendre plaisir,124,
thank,remercier,57,
chair,chaise,176,
charity,charitÃ©,228,
gower,gower,1580,
whole,entier,222,
labour,la main d'oeuvre,246,
choice,choix,249,
themselves,se,253,
sacred,sacrÃ©,226,
humble,humble,225,
afterwards,ensuite,223,
daughter,fille,224,
oberon,Oberon,446,
undertake,entreprendre,443,
through,par,420,
spring,printemps,234,
lives,vies,221,
forward,vers l'avant,221,
margaret,margaret,223,
advantage,avantage,444,
flower,fleur,221,
stain,fleurs,221,
meaning,tache,213,
oliver,sens,37,
personal,oliver,186,
possible,personnel,298,
stood,possible,366,
breath,se tenait,121,
treasure,souffle,449,
oaths,TrÃ©sor,1325,
wrath,serments,190,
peace,colÃ¨re,54,
yonder,paix,55,
bedford,lÃ -bas,247,
withal,Bedford,2301,
modest,avec,403,
knowledge,modeste,396,
credit,connaissance,43,
clothes,crÃ©dit,44,
malice,vÃªtements,547,
aside,malice,1172,
rather,de cÃ´tÃ©,101,
sharp,plutÃ´t,141,
besides,tranchant,35,
conduct,outre,115,
tonight,conduite,2322,
passage,ce soir,106,
quarrel,passage,712,
swore,querelle,147,
nothing,jurÃ©,216,
turns,rien,101,
queen,se tourne,72,
copyright,reine,47,
pandarus,droits d'auteur,352,
smile,Pandarus,105,
judgment,sourire,172,
offence,jugement,79,
though,infraction,67,
bright,bien que,762,
suffolk,bien que,51,
chain,pensÃ©e,98,
familiar,brillant,43,
policy,suffolk,494,
gentle,chaÃ®ne,187,
double,familier,152,
catch,politique,247,
therefore,doux,572,
banish,double,47,
repent,capture,56,
battle,par consÃ©quent,208,
cominius,bannir,147,
speak,se repentir,338,
water,bataille,55,
either,cominius,1074,
captain,parler,125,
posthumus,parle,219,
living,eau,233,
slander,Soit,500,
belike,ni,1020,
merchant,capitaine,149,
salerio,posthume,58,
woman,vivant,72,
warlike,calomnie,270,
gates,Ãªtre comme,83,
realm,marchande,1347,
works,salerio,807,
fools,femme,72,
enobarbus,guerrier,90,
complete,portes,62,
strong,domaine,158,
native,travaux,44,
membership,imbÃ©ciles,184,
athens,Ã©nobarbus,3600,
mischief,AchevÃ©e,192,
gross,fort,283,
fetch,originaire de,205,
kings,adhÃ©sion,664,
tongue,AthÃ¨nes,53,
motion,sottises,307,
happy,brut,182,
follow,chercher,426,
edmund,rois,242,
weight,langue,132,
enemy,mouvement,78,
strange,heureux,667,
flight,malheureux,68,
cloten,suivre,455,
opinion,Edmund,618,
colour,poids,46,
sleep,ennemi,437,
estate,Ã©trange,53,
report,vol,263,
permission,cailloter,52,
believe,opinion,91,
world,Couleur,59,
being,endormi,46,
victory,sommeil,68,
thomas,biens,385,
tread,rapport,636,
bottom,autorisation,47,
steel,croyez,191,
shore,monde,921,
which,Ã©tant,156,
private,la victoire,237,
heels,Thomas,657,
silver,bande de roulement,205,
scene,bas,372,
wealth,acier,46,
ransom,rive,492,
within,lequel,41,
large,privÃ©,89,
title,talons,73,
entertainment,argent,2210,
study,scÃ¨ne,86,
phebe,richesse,85,
launce,une ranÃ§on,46,
comfort,dans,634,
count,grand,41,
dearest,Titre,564,
laugh,divertissement,457,
sentence,Ã©tude,40,
staff,phebe,50,
would,lancer,208,
commit,confort,627,
thrust,Compte,900,
fears,compter,66,
beard,contrefaire,121,
blood,comtesse,51,
ourselves,pays,201,
death,rencontre,214,
shortly,trÃ¨s cher,47,
tribunes,rire,270,
spare,phrase,196,
tarry,Personnel,98,
authority,aurait,78,
affections,commettre,37,
sirrah,poussÃ©e,109,
ariel,peurs,153,
maids,barbe,203,
marcus,du sang,180,
drops,nous-mÃªmes,60,
merit,dÃ©cÃ¨s,49,
heaven,prochainement,111,
young,tribunes,327,
painter,de rechange,204,
betray,goudronneux,252,
clear,autoritÃ©,123,
deliver,affections,120,
teach,sirrah,66,
wench,Ariel,87,
prologue,servantes,103,
bless,Marcus,111,
secret,gouttes,108,
machine,mÃ©rite,156,
intend,paradis,377,
devise,Jeune,106,
marriage,peintre,97,
speech,trahir,368,
damned,clair,80,
except,livrer,47,
knees,enseigner,40,
pompey,jeune fille,42,
challenge,prologue,53,
dream,bÃ©nir,42,
reason,bÃ©nÃ©diction,160,
dinner,secret,816,
traitor,machine,163,
knowing,avoir l'intention,41,
kindness,concevoir,114,
beast,mariage,83,
table,discours,96,
action,damnÃ©,156,
abuse,sauf,159,
shame,les genoux,368,
loves,pompey,112,
walls,dÃ©fi,256,
emperor,rÃªver,158,
proud,rÃªves,65,
close,raison,769,
cause,trahison,420,
hence,dÃ®ner,111,
crave,traitre,569,
offer,connaissance,39,
prepare,la gentillesse,1076,
elder,la bÃªte,71,
instant,gendarme,139,
milan,table,55,
stroke,action,362,
appears,abuser de,91,
ambition,la honte,71,
flood,aime,654,
avoid,des murs,78,
fairy,empereur,49,
spite,fier,338,
manner,proche,257,
enough,car,56,
grief,cause,58,
maintain,Par consÃ©quent,359,
desire,dÃ©sormais,82,
breast,d'oÃ¹,483,
enter,demander,58,
sworn,offre,103,
forest,prÃ©parer,65,
church,aÃ®nÃ©,92,
prayers,instant,310,
remember,Milan,839,
golden,accident vasculaire cÃ©rÃ©bral,60,
encounter,apparaÃ®t,264,
despite,ambition,586,
sudden,inonder,50,
supper,Ã©viter,53,
exeunt,FÃ©e,55,
download,malgrÃ©,50,
hundred,dÃ©pit,76,
brook,maniÃ¨re,90,
cromwell,assez,52,
bones,douleur,240,
dramatis,maintenir,213,
blest,le dÃ©sir,53,
mistress,Sein,420,
drink,entrer,90,
villain,divertir,72,
bring,divertissement,72,
tempest,jurÃ©,102,
dolabella,forÃªt,106,
goodness,Ã©glise,77,
sport,priÃ¨res,40,
former,rappelles toi,104,
cannot,d'or,157,
person,rencontre,68,
dwell,malgrÃ©,317,
sight,soudain,56,
because,tout Ã  coup,40,
voice,souper,92,
foolish,sortir,70,
yourself,TÃ©lÃ©charger,74,
cardinal,cent,276,
grave,ruisseau,467,
state,Cromwell,419,
ghost,des os,844,
myself,dramatis,453,
fancy,heureux,108,
alive,maÃ®tresse,1061,
health,boisson,40,
master,scÃ©lÃ©rat,299,
vantage,apporter,112,
sword,tempÃªte,39,
purse,Dolabella,114,
mowbray,la bontÃ©,43,
fiend,sport,172,
denied,ancien,98,
complexion,ne peux pas,43,
about,la personne,627,
shape,personnel,73,
darkness,habiter,209,
visit,vue,127,
seeing,car,124,
flesh,voix,176,
messenger,insensÃ©,95,
forbid,toi mÃªme,55,
dreadful,cardinal,48,
chaste,la tombe,120,
philip,biens,45,
while,Etat,60,
reignier,fantÃ´me,132,
bastard,moi mÃªme,41,
undone,fantaisie,55,
another,vivant,56,
issue,santÃ©,76,
france,MaÃ®tre,597,
leontes,avantage,137,
bearing,avantage,48,
heart,Ã©pÃ©e,111,
purpose,bourse,57,
ground,mowbray,52,
eternal,dÃ©mon,88,
forth,refusÃ©,283,
madness,complexion,51,
satisfied,sur,128,
senator,forme,52,
fruit,obscuritÃ©,40,
slain,visite,118,
consider,voyant,101,
taken,la chair,163,
mistake,Messager,47,
utter,interdire,37,
triumph,horrible,54,
citizen,chaste,39,
saint,Philippe,85,
dying,quelque temps,81,
thief,tandis que,60,
contrary,rÃ¨gne,356,
every,Connard,173,
uncle,dÃ©fait,77,
nurse,un autre,39,
company,problÃ¨me,111,
father,France,48,
other,leontes,94,
dagger,palier,319,
distributed,cÅ“ur,43,
right,objectif,59,
effect,sol,54,
weary,Ã©ternel,217,
stand,en avant,49,
swift,dÃ©sormais,77,
finds,la dÃ©mence,100,
honest,satisfait,54,
clown,sÃ©nateur,161,
device,fruit,72,
leisure,tuÃ©,108,
blush,considÃ©rer,117,
cares,pris,37,
beggar,erreur,88,
wisdom,prononcer,78,
wrought,triomphe,40,
please,citoyenne,46,
spoke,Saint,247,
reputation,en train de mourir,446,
murther,voleur,150,
story,contraire,61,
priest,chaque,76,
quality,tout,61,
knife,oncle,87,
commercial,infirmiÃ¨re,196,
perfect,entreprise,133,
taste,pÃ¨re,595,
includes,un autre,41,
conscience,frÃ¨re,132,
single,mÃ¨re,154,
itself,autre,50,
beaten,autres,45,
pluck,dague,67,
without,distribuÃ©,183,
proceed,brillant,108,
grant,droits d'auteur,372,
proper,droite,38,
claud,effet,313,
provided,se lasser,59,
above,supporter,50,
number,comprendre,1206,
throw,rapide,73,
companion,trouve,59,
broke,honnÃªte,193,
warrant,pitre,107,
ancient,dispositif,96,
doubt,loisir,101,
awhile,rougir,284,
paris,se soucie,59,
patient,mendiant,118,
clarence,sagesse,69,
flourish,forgÃ©,170,
liberty,S'il vous plaÃ®t,449,
already,parlait,125,
crown,rÃ©putation,61,
fashion,aller plus loin,51,
equal,rÃ©cit,147,
maiden,prÃªtre,68,
chamber,qualitÃ©,146,
thunder,couteau,198,
paulina,commercial,66,
gallant,parfait,59,
widow,goÃ»t,84,
several,comprend,56,
curse,conscience,52,
measure,CÃ©libataire,148,
maria,lui-mÃªme,56,
regard,battu,188,
wives,cueillir,97,
drown,sans pour autant,67,
patience,procÃ©der,119,
grown,subvention,55,
ferdinand,correct,63,
glass,claud,55,
glorious,Claudio,83,
better,Ã  condition de,80,
rivers,au dessus,188,
grieve,nombre,117,
pedro,jeter,73,
occasion,un compagnon,58,
making,cassÃ©,42,
natural,mandat,187,
practice,ancien,229,
mighty,doute,264,
receive,quelque temps,46,
remain,Paris,66,
drunk,patient,169,
sound,clartÃ©,138,
pound,fleurir,357,
leave,libertÃ©,72,
money,dÃ©jÃ ,149,
entertain,couronne,119,
subject,mode,246,
there,Ã©gal,81,
letter,jeune fille,76,
misery,chambre,103,
guard,tonnerre,153,
beauty,paulina,43,
minds,galant,91,
poison,veuve,101,
knows,nombreuses,54,
counsel,malÃ©diction,75,
coming,mesure,47,
almost,maria,43,
understand,Mariana,44,
breed,qui concerne,129,
never,Ã©pouses,104,
attend,noyer,73,
ladyship,la patience,44,
brain,grandi,59,
hateful,Ferdinand,240,
until,verre,60,
disgrace,glorieux,71,
small,mieux,243,
prince,riviÃ¨res,49,
false,pleurer,41,
reign,pedro,177,
kingdom,occasion,38,
together,fabrication,61,
empty,Naturel,54,
respect,entraine toi,252,
whither,puissant,79,
commanded,recevoir,230,
marry,rester,195,
knock,ivre,67,
niece,du son,355,
throne,livre,111,
dispatch,laisser,104,
forces,argent,107,
teeth,divertir,326,
desert,divertissement,63,
speaks,matiÃ¨re,265,
faint,LÃ ,57,
lands,par consÃ©quent,132,
pistol,la bride,207,
creature,lettre,429,
project,misÃ¨re,50,
further,garde,68,
quick,beautÃ©,42,
beyond,esprits,178,
truth,poison,107,
those,sait,190,
summer,Conseil,310,
highness,venir,75,
skill,presque,45,
armour,comprendre,121,
stuff,race,161,
cousin,jamais,137,
pretty,assister,78,
counterfeit,assistÃ©,59,
longer,Madame,438,
execution,cerveau,47,
twice,cerveaux,55,
oxford,odieux,72,
public,jusqu'Ã ,102,
wound,disgrÃ¢ce,50,
porter,petit,77,
condition,prince,307,
favour,faux,116,
dishonour,rÃ¨gne,50,
tedious,rÃ¨gne,101,
holds,souverain,70,
giving,Royaume,90,
names,ensemble,77,
slender,vide,408,
padua,le respect,55,
hazard,oÃ¹,113,
fatal,commandÃ©,117,
repair,marier,56,
parolles,frappe,208,
hands,niÃ¨ce,51,
black,trÃ´ne,158,
embrace,envoi,90,
council,les forces,53,
burden,les dents,53,
keeps,dÃ©sert,95,
unless,parle,51,
stone,perdre connaissance,44,
apparel,terres,154,
discover,pistolet,53,
feast,crÃ©ature,38,
confess,projet,58,
behold,plus loin,191,
force,rapide,45,
hostess,au-delÃ ,50,
picture,vÃ©ritÃ©,89,
proclaim,ceux,86,
fiery,Ã©tÃ©,165,
guilty,altesse,539,
since,compÃ©tence,466,
heavy,armure,72,
night,des trucs,63,
steward,cousin,148,
heads,jolie,40,
sister,contrefaire,95,
chief,plus long,39,
therein,exÃ©cution,50,
train,deux fois,90,
waste,Oxford,294,
spend,Publique,46,
unknown,blessure,47,
content,blessÃ©s,72,
yours,porter,143,
gaunt,Ã©tat,47,
suddenly,favoriser,56,
bounty,dÃ©shonorer,112,
again,fastidieux,45,
forbear,tient,67,
murder,donnant,183,
friend,des noms,76,
hollow,mince,60,
yield,Padoue,37,
taught,danger,86,
divine,fatal,353,
custom,rÃ©paration,617,
perceive,parolles,133,
knave,mains,40,
sickness,noir,90,
clifford,embrasse,42,
acquainted,conseil,42,
times,fardeau,466,
party,garde,123,
sovereign,sauf si,66,
brows,calcul,979,
storm,vÃªtements,57,
wings,dÃ©couvrir,48,
plain,le banquet,37,
first,avouer,81,
matter,voir,90,
others,Obliger,54,
wrong,les forces,244,
angel,hÃ´tesse,90,
touch,image,128,
depart,proclamer,50,
falls,ardent,41,
mariana,coupable,145,
ready,depuis,302,
lovely,lourd,53,
grace,Chevalier,85,
shadow,minuit,49,
ignorant,nuit,40,
deeds,ce soir,82,
cinna,intendant,71,
cease,tÃªtes,90,
comes,sÅ“ur,157,
plague,chef,74,
below,sottises,50,
struck,la bride,106,
anger,train,109,
willing,dÃ©chets,35,
obedience,dÃ©penser,76,
learned,inconnue,72,
often,contenu,94,
chide,le tiens,113,
appear,toi mÃªme,288,
treason,dÃ©charnÃ©,38,
fearful,tout Ã  coup,56,
viola,prime,119,
revolt,encore,44,
noble,ancÃªtre,94,
intent,meurtre,38,
strength,ami,54,
render,creux,45,
rascal,rendement,56,
commend,enseignÃ©,95,
fenton,Divin,70,
benefit,Douane,40,
courtesy,apercevoir,53,
profit,fripon,60,
rogue,maladie,322,
along,Clifford,349,
offend,connaissance,81,
clouds,fois,104,
drums,fÃªte,46,
affection,souverain,62,
julia,sourcils,218,
might,orage,265,
fourth,ailes,142,
promise,plaine,98,
could,premiÃ¨re,92,
scarce,matiÃ¨re,121,
something,autres,79,
brought,faux,51,
seven,ange,39,
witness,toucher,81,
brother,partir,68,
request,des chutes,97,
protest,Mariana,65,
disposition,dÃ©jÃ ,55,
trick,prÃªt,87,
devil,charmant,92,
claudio,disgrÃ¢ce,336,
cruel,la grÃ¢ce,55,
common,ombre,129,
court,ignorant,239,
fierce,actes,67,
lawful,cinna,173,
feeble,cesser,182,
soothsayer,vient,56,
civil,peste,202,
heard,au dessous de,75,
sorrow,frappÃ©,48,
poins,colÃ¨re,50,
swear,danger,38,
afraid,prÃªt,60,
frown,obÃ©issance,133,
commission,appris,40,
place,souvent,155,
account,gronder,104,
demand,apparaÃ®tre,40,
behind,apparaÃ®t,122,
these,trahison,92,
marcius,craintif,69,
valour,alto,289,
fellow,rÃ©volte,58,
thought,noble,60,
asleep,intention,76,
quite,force,60,
ulysses,rendre,164,
little,coquin,142,
cheek,saluer,39,
haste,Fenton,36,
precious,avantage,528,
accuse,courtoisie,175,
shall,profit,225,
solemn,coquin,47,
affairs,le long de,121,
talbot,offenser,350,
anything,des nuages,438,
tells,tambours,58,
mercy,affection,48,
dreams,affections,799,
everything,Julia,138,
borne,pourrait,160,
according,puissant,2357,
barren,QuatriÃ¨me,173,
worse,promettre,35,
earth,pourrait,148,
particular,rare,47,
before,quelque chose,167,
outward,apportÃ©,98,
french,Sept,128,
hours,tÃ©moin,119,
truly,frÃ¨re,1035,
march,demande,55,
prize,manifestation,47,
fought,disposition,240,
under,tour,45,
duncan,diable,53,
buried,Claudio,57,
version,cruel,272,
guess,commun,156,
safety,tribunal,58,
worship,courtoisie,366,
trust,fÃ©roce,37,
doing,lÃ©gitime,37,
miranda,faible,44,
point,devin,105,
faith,civil,265,
indeed,entendu,74,
prohibited,chagrin,101,
abroad,poins,232,
parts,jurer,187,
plead,peur,135,
makes,froncer les sourcils,43,
knight,commission,115,
child,endroit,43,
servant,Compte,91,
store,demande,66,
mirth,derriÃ¨re,272,
unhappy,celles-ci,567,
deadly,Marcius,47,
substance,valeur,213,
palace,compagnon,66,
wherein,pensÃ©e,174,
pains,endormi,148,
looks,assez,325,
advice,Ulysse,44,
royal,peu,110,
still,joue,145,
abide,chaste,93,
perhaps,hÃ¢te,39,
bitter,prÃ©cieux,48,
blunt,accuser,60,
desperate,doit,136,
shine,solennel,141,
success,affaires,280,
violent,talbot,70,
sorry,n'importe quoi,300,
copies,raconte,645,
drawn,pitiÃ©,616,
general,rÃªves,204,
danger,tout,76,
suffer,supportÃ©,53,
souls,selon,50,
behalf,DÃ©nudÃ©,50,
freely,pire,101,
forget,Terre,48,
loving,particulier,45,
tailor,avant,51,
exeter,vers l'extÃ©rieur,72,
quiet,franÃ§ais,72,
entreat,heures,113,
certain,vraiment,55,
happiness,Mars,134,
wonder,prix,211,
suspect,combattu,61,
elbow,tonnerre,41,
going,sous,49,
blessing,comprendre,38,
polixenes,entreprendre,43,
steal,Duncan,38,
short,enterrÃ©,61,
forsooth,version,67,
lovers,devine,57,
bishop,sÃ©curitÃ©,41,
special,culte,38,
second,confiance,99,
write,Faire,40,
flatter,Miranda,87,
doctor,point,176,
cupid,Foi,45,
business,En effet,127,
shake,interdit,53,
least,Ã  l'Ã©tranger,41,
bassianus,les piÃ¨ces,51,
excellent,plaider,141,
majesty,fait du,189,
thrive,Chevalier,110,
always,enfant,36,
judge,serviteur,239,
farewell,boutique,77,
toward,gaietÃ©,73,
green,malheureux,50,
awake,mortel,124,
approach,substance,48,
greet,palais,102,
month,oÃ¹,36,
limbs,des douleurs,72,
habit,regards,43,
bought,Conseil,154,
courage,Royal,126,
trumpet,encore,110,
speed,respecter,170,
pleasure,peut-Ãªtre,88,
weeds,amer,42,
syracuse,cru,51,
loose,dÃ©sespÃ©rÃ©,94,
delight,Ã©clat,95,
consent,SuccÃ¨s,241,
youth,violent,41,
castle,Pardon,40,
shows,copies,111,
third,tirÃ©,53,
neither,gÃ©nÃ©ral,98,
protector,danger,51,
hereafter,souffrir,112,
nought,Ã¢mes,183,
weeping,nom,83,
charge,librement,74,
stomach,oublier,59,
horse,aimant,41,
flies,tailleur,73,
despair,Exeter,68,
fault,silencieux,57,
weapons,supplier,77,
spirit,certain,95,
round,bonheur,39,
soldier,merveille,45,
memory,suspect,48,
infinite,coude,112,
their,Aller,40,
wounded,bÃ©nÃ©diction,55,
sweat,polixÃ¨nes,61,
shepherd,voler,117,
change,court,65,
dearly,prochainement,108,
become,en vÃ©ritÃ©,72,
hubert,les amoureux,124,
bears,Ã©vÃªque,45,
meeting,spÃ©cial,50,
saying,seconde,106,
tears,Ã©crire,44,
virtue,flatter,50,
found,docteur,47,
service,Cupidon,88,
discourse,Entreprise,60,
endure,secouer,48,
trial,moins,58,
faces,bassianus,51,
husband,excellent,84,
jewel,majestÃ©,65,
after,prospÃ©rer,206,
whence,toujours,83,
deserve,juge,48,
displeasure,adieu,62,
parted,vers,44,
naked,vert,59,
monster,Ã©veillÃ©,52,
herself,approche,45,
constant,saluer,81,
surely,mois,253,
bodies,membres,41,
morning,habitude,67,
slave,achetÃ©,772,
argument,courage,39,
didst,trompette,42,
answer,la vitesse,40,
blame,mÃ©contentement,105,
whose,plaisir,58,
simple,mauvaises herbes,51,
wolsey,Syracuse,62,
college,ample,79,
trouble,dÃ©lice,43,
raise,consentement,154,
emilia,jeunesse,39,
having,ChÃ¢teau,211,
should,montre,78,
think,troisiÃ¨me,43,
constable,ni,49,
watch,protecteur,85,
countess,ci-aprÃ¨s, par la suite,220,
object,nÃ©ant,128,
question,larmes,49,
search,charge,94,
midnight,estomac,50,
glory,cheval,52,
witch,mouches,79,
remedy,dÃ©sespoir,74,
sense,faute,90,
folly,armes,47,
lords,esprit,39,
tyrant,sol,64,
jealous,rond,72,
garden,soldat,62,
somerset,MÃ©moire,76,
merry,infini,40,
justice,leur,62,
lucentio,blessÃ©s,45,
degree,transpiration,143,
sweet,berger,51,
music,changement,90,
bound,chÃ¨rement,43,
where,devenir,71,
image,Hubert,138,
noise,ours,46,
learn,rÃ©union,112,
brief,en disant,75,
morrow,larmes,72,
unworthy,vertu,49,
prove,a trouvÃ©,66,
whore,un service,47,
passion,discours,53,
birth,supporter,47,
present,procÃ¨s,48,
proof,visages,44,
coward,mari,41,
paper,bijou,51,
window,aprÃ¨s,48,
enemies,ensuite,48,
chance,ci-aprÃ¨s, par la suite,41,
power,d'oÃ¹,58,
pride,mÃ©riter,67,
carry,mÃ©contentement,39,
match,sÃ©parÃ©,83,
tower,nu,81,
winter,monstre,44,
stars,se,65,
claim,constant,52,
strike,sÃ»rement,64,
rotten,corps,55,
blows,Matin,67,
rough,esclave,38,
hanging,argument,57,
humour,didst,164,
season,rÃ©pondre,126,
quoth,faire des reproches,47,
country,dont,71,
senate,Facile,44,
great,Wolsey,54,
flowers,UniversitÃ©,84,
excuse,difficultÃ©,43,
neighbour,louange,60,
dance,Ã©lever,92,
pardon,Ã‰milie,64,
innocent,ayant,66,
needs,devrait,72,
silence,pense,111,
early,gendarme,51,
cheer,regarder,49,
sooner,comtesse,52,
assure,objet,64,
durst,question,47,
throat,chercher,45,
known,minuit,47,
revenge,gloire,40,
serve,sorciÃ¨re,238,
hector,remÃ¨de,45,
lieutenant,sens,54,
alone,folie,45,
brave,seigneurs,48,
orlando,seigneurie,44,
praise,tyran,143,
smell,jaloux,104,
figure,jardin,67,
vengeance,somerset,186,
venice,joyeux,42,
field,Justice,42,
blind,Lucentio,58,
farther,diplÃ´me,91,
straight,sucrÃ©,222,
brains,la musique,114,
partly,liÃ©,49,
terms,oÃ¹,43,
written,oÃ¹,42,
kneel,image,55,
hangs,bruit,110,
house,apprendre,129,
presence,appris,44,
contempt,bref,107,
tender,demain,59,
light,indigne,44,
whether,prouver,53,
lordship,putain,233,
percy,la passion,180,
valentine,naissance,75,
valiant,prÃ©sent,87,
peril,preuve,72,
means,lÃ¢che,103,
frame,papier,187,
readable,la fenÃªtre,59,
thing,ennemis,211,
minister,chance,66,
begin,Puissance,50,
absence,fiertÃ©,53,
liege,porter,48,
burning,rencontre,56,
mortal,la tour,49,
people,hiver,98,
order,Ã©toiles,172,
express,prÃ©tendre,259,
command,proclamer,71,
scorn,la grÃ¨ve,56,
cunning,pourri,164,
worth,coups,147,
office,apportÃ©,49,
mouth,rugueux,210,
dread,par,44,
wretch,forgÃ©,139,
between,pendaison,101,
mother,humour,53,
ladies,saison,96,
course,quoth,41,
piece,pays,40,
henceforth,sÃ©nat,115,
fight,gÃ©nial,86,
welcome,fleurs,40,
street,excuse,48,
defend,voisine,81,
although,Danse,41,
fresh,pardon,46,
reverence,innocent,188,
sought,Besoins,45,
meant,silence,155,
library,chÃ¨rement,125,
finger,de bonne heure,149,
prison,acclamation,131,
doors,plus tÃ´t,65,
painted,assurer,93,
capitol,durst,45,
cross,gorge,84,
given,connu,142,
attended,inconnue,82,
egypt,vengeance,153,
return,mÃ©riter,150,
sometime,servir,86,
